
-- INSERT INTO `orders` (`order_id`, `staff_id`, `account_id`, `receiver_name`, `email_of_receiver`, `phone_number_of_receiver`, `note`, `order_date`, `status_of_order`, `total_money`, `shipping_method`, `shipping_address`, `shipping_date`, `tracking_number`, `payment_method`, `is_active`) VALUES 
-- ('1', '4', '5', 'Anh Hiển', 'thehien@gmail.com', '0786705877', 'Tặng anh Hiển', current_timestamp(), 'Pending', '2000000', 'express', 'Nghĩa Địa Gia Đôi', '2024-03-07 19:34:36', '70L1-13579', 'COD', '1'),
-- ('2', '4', '6', 'Anh Huy', 'huy@gmail.com', '0903379371', 'Tặng anh Lộc ', current_timestamp(), 'Pending', '1500000', 'express', 'Đại học sài gòn', '2024-03-07 19:34:36', '50S1-89710', 'COD', '1'),
-- ('3', '4', '7', 'Anh Lộc', 'loc@gmail.com', '0909832697', 'Tặng anh Huy gà', current_timestamp(), 'Pending', '19999999', 'express', 'Đại học nha trang', '2024-03-07 19:34:36', '49L2-36713', 'COD', '1'),
-- ('4', '4', '5', 'Anh Phong', 'phong@gmail.com', '010284697', 'Tặng anh Phong', current_timestamp(), 'Pending', '6500000', 'express', 'Bệnh viện ', '2024-03-07 19:34:36', '20S2-44489', 'COD', '1'),
-- ('5', '4', '8', 'Anh Hiển Cha', 'thehien@gmail.com', '0203678910', 'Tặng ba anh huy', current_timestamp(), 'Pending', '123000', 'express', 'Trạm xá', '2024-03-07 19:34:36', '30D9-89765', 'COD', '1'),
-- ('6', '4', '23', 'ABC', 'thehien@gmail.com', '0203678910', 'ABC', current_timestamp(), 'Delivered', '123000', 'express', 'ABC', '2024-03-07 19:34:36', '30D9-89766', 'COD', '1'),
-- ('7', '4', '11', 'ABC', 'thehien@gmail.com', '0203678910', 'ABC', current_timestamp(), 'Delivered', '123000', 'express', 'ABC', '2024-03-07 19:34:36', '30D9-89767', 'COD', '1'),
-- ('8', '4', '12', 'ABC', 'thehien@gmail.com', '0203678910', 'ABC', current_timestamp(), 'Delivered', '123000', 'express', 'ABC', '2024-03-07 19:34:36', '30D9-89768', 'COD', '1'),
-- ('9', '4', '13', 'ABC', 'thehien@gmail.com', '0203678910', 'ABC', current_timestamp(), 'Delivered', '123000', 'express', 'ABC', '2024-03-07 19:34:36', '30D9-89769', 'COD', '1'),
-- ('10', '4', '14', 'ABC', 'thehien@gmail.com', '0203678910', 'ABC', current_timestamp(), 'Delivered', '123000', 'express', 'ABC', '2024-03-07 19:34:36', '30D9-89770', 'COD', '1'),
-- ('11', '4', '15', 'ABC', 'thehien@gmail.com', '0203678910', 'ABC', current_timestamp(), 'Delivered', '123000', 'express', 'ABC', '2024-03-07 19:34:36', '30D9-89771', 'COD', '1'),
-- ('12', '4', '16', 'ABC', 'thehien@gmail.com', '0203678910', 'ABC', current_timestamp(), 'Delivered', '123000', 'express', 'ABC', '2024-03-07 19:34:36', '30D9-89772', 'COD', '1'),
-- ('13', '4', '17', 'ABC', 'thehien@gmail.com', '0203678910', 'ABC', current_timestamp(), 'Delivered', '123000', 'express', 'ABC', '2024-03-07 19:34:36', '30D9-89773', 'COD', '1'),
-- ('14', '4', '18', 'ABC', 'thehien@gmail.com', '0203678910', 'ABC', current_timestamp(), 'Delivered', '123000', 'express', 'ABC', '2024-03-07 19:34:36', '30D9-89774', 'COD', '1'),
-- ('15', '4', '19', 'ABC', 'thehien@gmail.com', '0203678910', 'ABC', current_timestamp(), 'Delivered', '123000', 'express', 'ABC', '2024-03-07 19:34:36', '30D9-89775', 'COD', '1'),
-- ('16', '4', '20', 'ABC', 'thehien@gmail.com', '0203678910', 'ABC', current_timestamp(), 'Delivered', '123000', 'express', 'ABC', '2024-03-07 19:34:36', '30D9-89776', 'COD', '1'),
-- ('17', '4', '21', 'ABC', 'thehien@gmail.com', '0203678910', 'ABC', current_timestamp(), 'Delivered', '123000', 'express', 'ABC', '2024-03-07 19:34:36', '30D9-89777', 'COD', '1'),
-- ('18', '4', '22', 'ABC', 'thehien@gmail.com', '0203678910', 'ABC', current_timestamp(), 'Delivered', '123000', 'express', 'ABC', '2024-03-07 19:34:36', '30D9-89778', 'COD', '1');

-- INSERT INTO `order_details` (`order_detail_id`, `order_id`, `sku_id`, `price`, `number_of_products`, `color_of_product`) VALUES 
-- ('1', '1', '1', '299000', '2', 'Đen'),
-- ('2', '1', '2', '299000','3' ,'Trắng'),
-- ('3', '2', '1', '299000', '2', 'Tự nhiên'),
-- ('4', '2', '3', '299000', '5', 'Xanh'),
-- ('5', '2', '4', '299000', '6', 'Đen'),
-- ('6', '3', '1', '299000', '4', 'Trắng'),
-- ('7', '3', '2', '299000', '2', 'Tự nhiên'),
-- ('8', '4', '1', '299000', '2', 'Xanh'),
-- ('9', '4', '2', '299000', '2', 'Đen'),
-- ('10', '4', '3', '299000', '5', 'Trắng'),
-- ('11', '5', '1', '299000', '5', 'Tự nhiên'),
-- ('12', '5', '2', '299000', '5', 'Xanh'),
-- ('13', '6', '1', '30000000', '1', 'ABC'),
-- ('14', '6', '5', '30000000', '1', 'ABC'),
-- ('15', '6', '13', '30000000', '1', 'ABC'),
-- ('16', '6', '17', '30000000', '1', 'ABC'),
-- ('17', '6', '18', '30000000', '1', 'ABC'),
-- ('18', '6', '19', '30000000', '1', 'ABC'),
-- ('19', '7', '1', '30000000', '1', 'ABC'),
-- ('20', '7', '5', '30000000', '1', 'ABC'),
-- ('21', '7', '13', '30000000', '1', 'ABC'),
-- ('22', '7', '17', '30000000', '1', 'ABC'),
-- ('23', '7', '18', '30000000', '1', 'ABC'),
-- ('24', '7', '19', '30000000', '1', 'ABC'),
-- ('25', '8', '1', '30000000', '1', 'ABC'),
-- ('26', '8', '5', '30000000', '1', 'ABC'),
-- ('27', '8', '13', '30000000', '1', 'ABC'),
-- ('28', '8', '17', '30000000', '1', 'ABC'),
-- ('29', '8', '18', '30000000', '1', 'ABC'),
-- ('30', '8', '19', '30000000', '1', 'ABC'),
-- ('31', '9', '1', '30000000', '1', 'ABC'),
-- ('32', '9', '5', '30000000', '1', 'ABC'),
-- ('33', '9', '13', '30000000', '1', 'ABC'),
-- ('34', '9', '17', '30000000', '1', 'ABC'),
-- ('35', '9', '18', '30000000', '1', 'ABC'),
-- ('36', '9', '19', '30000000', '1', 'ABC'),
-- ('37', '10', '1', '30000000', '1', 'ABC'),
-- ('38', '10', '5', '30000000', '1', 'ABC'),
-- ('39', '10', '13', '30000000', '1', 'ABC'),
-- ('40', '10', '17', '30000000', '1', 'ABC'),
-- ('41', '10', '18', '30000000', '1', 'ABC'),
-- ('42', '10', '19', '30000000', '1', 'ABC'),
-- ('43', '11', '1', '30000000', '1', 'ABC'),
-- ('44', '11', '5', '30000000', '1', 'ABC'),
-- ('45', '11', '13', '30000000', '1', 'ABC'),
-- ('46', '11', '17', '30000000', '1', 'ABC'),
-- ('47', '11', '18', '30000000', '1', 'ABC'),
-- ('48', '11', '19', '30000000', '1', 'ABC');

INSERT INTO `orders` (`order_id`, `staff_id`, `account_id`, `receiver_name`, `email_of_receiver`, `phone_number_of_receiver`, `note`, `order_date`, `status_of_order`, `total_money`, `shipping_method`, `shipping_address`, `shipping_date`, `tracking_number`, `payment_method`, `is_active`) VALUES 
('1', '4', '5', 'Anh Hiển', 'thehien@gmail.com', '0786705877', 'Tặng anh Hiển', current_timestamp(), 'Delivered', '15000000', 'express', 'Nghĩa Địa Gia Đôi', '2024-03-01 19:34:36', '70L1-13579', 'COD', '1'),
('2', '4', '6', 'Anh Huy', 'thehien@gmail.com', '0786705856', 'Tặng anh Hiển', current_timestamp(), 'Delivered', '23000000', 'express', 'Nghĩa Địa Gia Đôi', '2024-02-01 19:34:36', '70L1-13578', 'COD', '1'),
('3', '4', '7', 'Anh Huy', 'thehien@gmail.com', '0786705848', 'Tặng anh Hiển', current_timestamp(), 'Delivered', '17500000', 'express', 'Nghĩa Địa Gia Đôi', '2024-04-01 19:34:36', '70L1-13577', 'COD', '1'),
('4', '4', '6', 'Anh Huy', 'thehien@gmail.com', '0786705811', 'Tặng anh Hiển', current_timestamp(), 'Delivered', '18000000', 'express', 'Nghĩa Địa Gia Đôi', '2024-05-01 19:34:36', '70L1-13576', 'COD', '1'),
('5', '4', '6', 'Anh Huy', 'thehien@gmail.com', '0786705997', 'Tặng anh Hiển', current_timestamp(), 'Delivered', '15000000', 'express', 'Nghĩa Địa Gia Đôi', '2023-03-01 19:34:36', '70L1-13575', 'COD', '1'),
('6', '4', '6', 'Anh Huy', 'thehien@gmail.com', '0786705987', 'Tặng anh Hiển', current_timestamp(), 'Delivered', '20000000', 'express', 'Nghĩa Địa Gia Đôi', '2023-02-01 19:34:36', '70L1-13575', 'COD', '1'),
('7', '4', '6', 'Anh Huy', 'thehien@gmail.com', '0786705980', 'Tặng anh Hiển', current_timestamp(), 'Delivered', '25000000', 'express', 'Nghĩa Địa Gia Đôi', '2023-04-01 19:34:36', '70L1-13575', 'COD', '1'),
('8', '4', '6', 'Anh Huy', 'thehien@gmail.com', '0786705987', 'Tặng anh Hiển', current_timestamp(), 'Delivered', '30000000', 'express', 'Nghĩa Địa Gia Đôi', '2023-05-01 19:34:36', '70L1-13575', 'COD', '1'),
('9', '4', '6', 'Anh Huy', 'thehien@gmail.com', '0786705987', 'Tặng anh Hiển', current_timestamp(), 'Delivered', '45000000', 'express', 'Nghĩa Địa Gia Đôi', '2023-06-07 19:34:36', '70L1-13575', 'COD', '1'),
('10', '4', '6', 'Anh Huy', 'thehien@gmail.com', '0786705987', 'Tặng anh Hiển', current_timestamp(), 'Delivered', '45000000', 'express', 'Nghĩa Địa Gia Đôi', '2024-06-08 19:34:36', '70L1-13575', 'COD', '1'),
('11', '4', '6', 'Anh Huy', 'thehien@gmail.com', '0786705987', 'Tặng anh Hiển', current_timestamp(), 'Delivered', '50000000', 'express', 'Nghĩa Địa Gia Đôi', '2024-06-09 19:34:36', '70L1-13575', 'COD', '1'),
('12', '4', '6', 'Anh Huy', 'thehien@gmail.com', '0786705987', 'Tặng anh Hiển', current_timestamp(), 'Delivered', '22000000', 'express', 'Nghĩa Địa Gia Đôi', '2023-07-07 19:34:36', '70L1-13575', 'COD', '1'),
('13', '4', '6', 'Anh Huy', 'thehien@gmail.com', '0786705987', 'Tặng anh Hiển', current_timestamp(), 'Delivered', '25000000', 'express', 'Nghĩa Địa Gia Đôi', '2024-08-08 19:34:36', '70L1-13575', 'COD', '1'),
('14', '4', '6', 'Anh Huy', 'thehien@gmail.com', '0786705987', 'Tặng anh Hiển', current_timestamp(), 'Delivered', '36000000', 'express', 'Nghĩa Địa Gia Đôi', '2024-09-09 19:34:36', '70L1-13575', 'COD', '1');

INSERT INTO `exports` (`export_id`, `staff_id`, `order_id`, `export_date`, `total_price`, `is_active`) VALUES 
('1', '1', '1', '2024-03-01', '15000000', '1'),
('2', '1', '2', '2024-02-01', '23000000', '1'),
('3', '2', '3', '2024-04-01', '17500000', '1'),
('4', '2', '4', '2024-05-01', '18000000', '1'),
('5', '4', '5', '2023-03-01', '15000000', '1'),
('6', '4', '6', '2023-02-01', '20000000', '1'),
('7', '2', '7', '2023-04-01', '25000000', '1'),
('8', '4', '8', '2023-05-01', '30000000', '1'),
('9', '4', '9', '2023-06-07', '45000000', '1'),
('10', '4', '10', '2023-06-08', '45000000', '1'),
('11', '4', '11', '2023-06-09', '50000000', '1'),
('12', '4', '12', '2023-07-07', '22000000', '1'),
('13', '4', '13', '2023-08-08', '25000000', '1'),
('14', '4', '14', '2023-09-09', '36000000', '1');

INSERT INTO `export_details` (`export_detail_id`, `export_id`, `shipment_id`, `unit_price_export`, `quantity_export`) VALUES 
('1', '1', '1', '10000000', '1'),
('2', '1', '2', '5000000', '1'),
('3', '2', '3', '15000000', '1'),
('4', '2', '4', '8000000', '1'),
('5', '3', '5', '10000000', '1'),
('6', '3', '6', '7500000', '1'),
('7', '4', '7', '5000000', '2'),
('8', '4', '8', '2000000', '4'),
('9', '5', '8', '5000000', '3'),
('10', '6', '8', '20000000', '1'),
('11', '7', '8', '5000000', '5'),
('12', '8', '8', '5000000', '6'),
('13', '9', '9', '20000000', '1'),
('14', '9', '11', '25000000', '1'),
('15', '10', '9', '20000000', '1'),
('16', '10', '11', '25000000', '1'),
('17', '11', '9', '5000000', '5'),
('18', '11', '11', '5000000', '5'),
('19', '12', '9', '10000000', '1'),
('20', '12', '11', '12000000', '1'),
('21', '13', '9', '10000000', '1'),
('22', '13', '11', '15000000', '1'),
('23', '14', '9', '16000000', '5'),
('24', '14', '11', '20000000', '5');